No,Nama Menu
1,Nasi Pecel
2,Nasi Gule
3,Nasi Rawon
4,Nasi Soto
5,Nasi Soto
6,Nasi Pecel
7,Nasi Soto
8,Nasi Pecel
9,Nasi Gule
10,Nasi Soto
11,Nasi Rawon
12,Nasi Rawon
13,Nasi Gule
14,Nasi Pecel
15,Nasi Soto
16,Nasi Pecel
17,Nasi Gule
18,Nasi Pecel
19,Nasi Rawon
20,Nasi Rawon
21,Nasi Soto
22,Nasi Gule
23,Nasi Soto
24,Nasi Pecel
25,Nasi Soto
26,Nasi Gule
27,Nasi Rawon
28,Nasi Rawon
29,Nasi Pecel
30,Nasi Soto
31,Nasi Rawon
32,Nasi Pecel
33,Nasi Rawon
34,Nasi Gule
35,Nasi Rawon
36,Nasi Soto
37,Nasi Gule
38,Nasi Gule
39,Nasi Soto
40,Nasi Gule
41,Nasi Soto
42,Nasi Pecel
43,Nasi Soto
44,Nasi Soto
45,Nasi Gule
46,Nasi Rawon
47,Nasi Rawon
48,Nasi Gule
49,Nasi Gule
50,Nasi Pecel
51,Nasi Pecel
52,Nasi Rawon
53,Nasi Gule
54,Nasi Gule
55,Nasi Soto
56,Nasi Soto
57,Nasi Pecel
58,Nasi Soto
59,Nasi Rawon
60,Nasi Gule
61,Nasi Soto
62,Nasi Gule
63,Nasi Soto
64,Nasi Rawon
65,Nasi Gule
66,Nasi Rawon
67,Nasi Gule
68,Nasi Gule
69,Nasi Soto
70,Nasi Gule
71,Nasi Pecel
72,Nasi Pecel
73,Nasi Pecel
74,Nasi Pecel
75,Nasi Rawon
76,Nasi Rawon
77,Nasi Pecel
78,Nasi Soto
79,Nasi Pecel
80,Nasi Soto
81,Nasi Gule
82,Nasi Soto
83,Nasi Soto
84,Nasi Pecel
85,Nasi Gule
86,Nasi Rawon
87,Nasi Pecel
88,Nasi Pecel
89,Nasi Rawon
90,Nasi Rawon
91,Nasi Soto
92,Nasi Rawon
93,Nasi Gule
94,Nasi Gule
95,Nasi Gule
96,Nasi Pecel
97,Nasi Pecel
98,Nasi Rawon
99,Nasi Gule
100,Nasi Gule
101,Nasi Pecel
102,Nasi Gule
103,Nasi Soto
104,Nasi Gule
105,Nasi Rawon
106,Nasi Pecel
107,Nasi Gule
108,Nasi Soto
109,Nasi Pecel
110,Nasi Gule
111,Nasi Rawon
112,Nasi Rawon
113,Nasi Soto
114,Nasi Soto
115,Nasi Rawon
116,Nasi Gule
117,Nasi Soto
118,Nasi Soto
119,Nasi Rawon
120,Nasi Soto
121,Nasi Soto
122,Nasi Rawon
123,Nasi Rawon
124,Nasi Rawon
125,Nasi Soto
126,Nasi Soto
127,Nasi Pecel
128,Nasi Gule
129,Nasi Pecel
130,Nasi Gule
131,Nasi Soto
132,Nasi Gule
133,Nasi Pecel
134,Nasi Gule
135,Nasi Soto
136,Nasi Soto
137,Nasi Rawon
138,Nasi Soto
139,Nasi Gule
140,Nasi Rawon
141,Nasi Pecel
142,Nasi Rawon
143,Nasi Rawon
144,Nasi Rawon
145,Nasi Pecel
146,Nasi Soto
147,Nasi Soto
148,Nasi Gule
149,Nasi Soto
150,Nasi Soto
151,Nasi Rawon
152,Nasi Pecel
153,Nasi Pecel
154,Nasi Gule
155,Nasi Rawon
156,Nasi Soto
157,Nasi Soto
158,Nasi Soto
159,Nasi Pecel
160,Nasi Soto
161,Nasi Gule
162,Nasi Rawon
163,Nasi Gule
164,Nasi Rawon
165,Nasi Pecel
166,Nasi Gule
167,Nasi Pecel
168,Nasi Soto
169,Nasi Soto
170,Nasi Soto
171,Nasi Soto
172,Nasi Soto
173,Nasi Rawon
174,Nasi Soto
175,Nasi Gule
176,Nasi Gule
177,Nasi Pecel
178,Nasi Gule
179,Nasi Gule
180,Nasi Rawon
181,Nasi Soto
182,Nasi Soto
183,Nasi Rawon
184,Nasi Gule
185,Nasi Gule
186,Nasi Rawon
187,Nasi Gule
188,Nasi Soto
189,Nasi Rawon
190,Nasi Soto
191,Nasi Soto
192,Nasi Gule
193,Nasi Rawon
194,Nasi Soto
195,Nasi Gule
196,Nasi Rawon
197,Nasi Soto
198,Nasi Pecel
199,Nasi Rawon
200,Nasi Rawon